{
    "file_path": "../models/gbr_model_10.joblib",
    "targets": "any row where a derate (5246) happens in the next 24 hours",
    "diagnostics_file": "used imputer to average data per truck and then simple mean to average any remaining nulls",
    "train_test_split": "using trucks and assuring same ratio of derate and nonderate",
    "windowize_predictors": {
        "dataframe": "merged faults and diagnostics",
        "how far in the past to aggregate": "1 day (default)",
        "how to aggregate the one-hot encoded spn_fmi": "max (default)",
        "use rolling window on diagnostics?": "False ",
        "how to aggregate diagnostics data": "not applicable"
    },
    "pipeline": {
        "step 1": "GradientBoostingClassifier (default values)"
    },
    "rebalancing": {
        "over or under fitting": "used SMOTE(k_neighbors=5, random_state=42)",
        "variables used": "all (including derate columns)"
    },
    "train_confusion_matrix": {
        "TP": 427160,
        "FP": 13655,
        "FN": 226,
        "TN": 1760
    },
    "test_confusion_matrix": {
        "TP": 100420,
        "FP": 3005,
        "FN": 82,
        "TN": 366
    },
    "test_rocaouc_score": 0.9565056955523326,
    "top20_fature_importances": {
        "spn_fmi_1569_31": 0.44553547047954195,
        "FuelTemperature": 0.23295236394177235,
        "LampStatus": 0.09279802383367845,
        "activeTransitionCount": 0.038311046709774005,
        "spn_fmi_3031_9": 0.034083420787853,
        "spn_fmi_5743_9": 0.02015713612750178,
        "CruiseControlSetSpeed": 0.010562556877966551,
        "spn_fmi_5742_9": 0.009018693206863009,
        "EngineTimeLtd": 0.008450133497982886,
        "spn_fmi_3362_31": 0.007590699654114712,
        "spn_fmi_5848_9": 0.007444340795713562,
        "spn_fmi_5246_16": 0.006166848322984628,
        "spn_fmi_3364_9": 0.0060671831566272505,
        "spn_fmi_1761_17": 0.005536344079627387,
        "spn_fmi_5246_0": 0.00522252979701099,
        "spn_fmi_5394_4": 0.004999894705825841,
        "DistanceLtd": 0.0045882447597516115,
        "FuelLtd": 0.004461477678806134,
        "spn_fmi_3216_4": 0.0043953978487765,
        "spn_fmi_1761_19": 0.0041638337417837625
    }
}