{
    "file_path": "../models/gbr_model_15.joblib",
    "targets": "any row where a derate (5246) happens in the next 24 hours",
    "diagnostics_file": "used imputer to average data per truck and then simple mean to average any remaining nulls",
    "train_test_split": "using trucks and assuring same ratio of derate and nonderate",
    "windowize_predictors": {
        "dataframe": "merged faults and diagnostics",
        "how far in the past to aggregate": "7 days",
        "how to aggregate the one-hot encoded spn_fmi": "max (default)",
        "use rolling window on diagnostics?": "True ",
        "how to aggregate diagnostics data": "mean"
    },
    "pipeline": {
        "step 1": "GradientBoostingClassifier (default values)"
    },
    "rebalancing": {
        "over or under fitting": "used SMOTE(k_neighbors=5, random_state=42)",
        "variables used": "all (including derate columns)"
    },
    "train_confusion_matrix": {
        "TN": 425728,
        "FP": 15087,
        "FN": 193,
        "TP": 1793
    },
    "test_confusion_matrix": {
        "TN": 99585,
        "FP": 3840,
        "FN": 78,
        "TP": 370
    },
    "test_rocaouc_score": 0.9671606193238718,
    "top20_fature_importances": {
        "spn_fmi_1569_31": 0.30385535170823463,
        "LampStatus": 0.23582978023470544,
        "FuelTemperature": 0.2039953277353963,
        "spn_fmi_3031_9": 0.035235374491750515,
        "activeTransitionCount": 0.030929315742394138,
        "spn_fmi_5246_16": 0.017337179476267346,
        "spn_fmi_3226_9": 0.01576765340273088,
        "BarometricPressure": 0.010751935317587363,
        "spn_fmi_3364_9": 0.010592575985582402,
        "spn_fmi_1787_11": 0.009651187831999268,
        "spn_fmi_524287_31": 0.009090627441786474,
        "spn_fmi_3362_31": 0.008062107007128335,
        "spn_fmi_929_9": 0.007359622572473032,
        "FuelLtd": 0.007207500021280977,
        "EngineRpm": 0.00651614157379934,
        "spn_fmi_5246_0": 0.005790040752773346,
        "spn_fmi_792_14": 0.004744148973881706,
        "EngineTimeLtd": 0.00436507676350852,
        "DistanceLtd": 0.004178320879107044,
        "spn_fmi_1209_2": 0.003990473224723681
    }
}