{
    "file_path": "../models/gbr_model_1.joblib",
    "targets": "any row where a derate (5246) happens in the next 6 hours",
    "diagnostics_file": "used imputer to average data per truck and then simple mean to average any remaining nulls",
    "train_test_split": "using trucks and assuring same ratio of derate and nonderate",
    "windowize_predictors": {
        "dataframe": "merged faults and diagnostics",
        "how far in the past to aggregate": "1 day (default) ",
        "how to aggregate the one-hot encoded spn_fmi": "max (default) ",
        "use rolling window on diagnostics?": "True (default) ",
        "how to aggregate diagnostics data": "mean (default)"
    },
    "pipeline": {
        "step 1": "GradientBoostingClassifier (default values)"
    },
    "rebalancing": {
        "over or under fitting": "used SMOTE(k_neighbors=5, random_state=42)",
        "variables used": "all (including derate columns)"
    },
    "train_confusion_matrix": {
        "TP": 430995,
        "FP": 10656,
        "FN": 75,
        "TN": 1075
    },
    "test_confusion_matrix": {
        "TP": 100896,
        "FP": 2738,
        "FN": 25,
        "TN": 214
    },
    "test_rocaouc_score": 0.9896695305970166,
    "top20_fature_importances": {
        "LampStatus": 0.45685722369022236,
        "FuelTemperature": 0.2810528963850085,
        "spn_fmi_1569_31": 0.11211970934951059,
        "activeTransitionCount": 0.037058306448413,
        "spn_fmi_5246_0": 0.02645386013549258,
        "spn_fmi_3031_9": 0.017609458175342024,
        "spn_fmi_5246_16": 0.014588357097698861,
        "CruiseControlSetSpeed": 0.007864882857736741,
        "spn_fmi_4094_31": 0.0038554183525553293,
        "EngineRpm": 0.0037336161927723787,
        "spn_fmi_5246_19": 0.0025464390734739268,
        "FuelLtd": 0.002346782200534247,
        "spn_fmi_3364_9": 0.0023089467582729523,
        "spn_fmi_5743_9": 0.0019452501118526336,
        "spn_fmi_102_2": 0.0018885911953827386,
        "spn_fmi_3362_31": 0.0018851729632196328,
        "spn_fmi_1787_11": 0.0018829367156695314,
        "spn_fmi_1761_17": 0.0017300966886058444,
        "spn_fmi_111_17": 0.0016599568825672508,
        "EngineTimeLtd": 0.0015552510402022381
    }
}