{
    "file_path": "../models/gbr_model_16.joblib",
    "targets": "any row where a derate (5246) happens in the next 24 hours",
    "diagnostics_file": "used imputer to average data per truck and then simple mean to average any remaining nulls",
    "train_test_split": "using trucks and assuring same ratio of derate and nonderate",
    "windowize_predictors": {
        "dataframe": "merged faults and diagnostics",
        "how far in the past to aggregate": "7 days",
        "how to aggregate the one-hot encoded spn_fmi": "max (default)",
        "use rolling window on diagnostics?": "True ",
        "how to aggregate diagnostics data": "mean"
    },
    "pipeline": {
        "step 1": "GradientBoostingClassifier (default values)"
    },
    "rebalancing": {
        "over or under fitting": "used SMOTE(k_neighbors=5, random_state=42)",
        "variables used": "eliminated 5246 columns (derates), by using the .drop on X_train and X_test"
    },
    "train_confusion_matrix": {
        "TN": 424677,
        "FP": 16138,
        "FN": 183,
        "TP": 1803
    },
    "test_confusion_matrix": {
        "TN": 99488,
        "FP": 3937,
        "FN": 66,
        "TP": 382
    },
    "test_rocaouc_score": 0.9698970851030768,
    "top20_fature_importances": {
        "spn_fmi_1569_31": 0.3086291427982871,
        "LampStatus": 0.23560253679145357,
        "FuelTemperature": 0.21567320174346447,
        "activeTransitionCount": 0.03819577940703303,
        "spn_fmi_3031_9": 0.03641134194068403,
        "spn_fmi_3362_31": 0.015007042835555104,
        "spn_fmi_3226_9": 0.013033658018902116,
        "BarometricPressure": 0.010270403948293275,
        "spn_fmi_3364_9": 0.008516293724737176,
        "spn_fmi_524287_31": 0.006570230852180501,
        "DistanceLtd": 0.005899523629349026,
        "spn_fmi_929_9": 0.005895765660903747,
        "spn_fmi_792_14": 0.005372624859398923,
        "FuelLtd": 0.005264239941290457,
        "EngineRpm": 0.005192268749737403,
        "spn_fmi_1787_11": 0.005075711027584814,
        "spn_fmi_1209_2": 0.00411095715856073,
        "spn_fmi_5742_9": 0.0040136715616586015,
        "EngineOilTemperature": 0.0038923184405648755,
        "spn_fmi_4094_18": 0.003624935008839319
    }
}