{
    "file_path": "../models/gbr_model_24.joblib",
    "targets": "any row where a derate (5246) happens in the next 24 hours",
    "diagnostics_file": "used imputer to average data per truck and then simple mean to average any remaining nulls",
    "train_test_split": "using trucks and assuring same ratio of derate and nonderate",
    "windowize_predictors": {
        "dataframe": "merged faults and diagnostics",
        "how far in the past to aggregate": "7 days",
        "how to aggregate the one-hot encoded spn_fmi": "max (default)",
        "use rolling window on diagnostics?": "True ",
        "how to aggregate diagnostics data": "max"
    },
    "pipeline": {
        "step 1": "GradientBoostingClassifier (n_estimators =200, learning_rate=0.05)"
    },
    "rebalancing": {
        "over or under fitting": "used SMOTE(k_neighbors=5, random_state=42)",
        "variables used": "all (including derate columns)"
    },
    "train_confusion_matrix": {
        "TN": 425676,
        "FP": 15139,
        "FN": 195,
        "TP": 1791
    },
    "test_confusion_matrix": {
        "TN": 99560,
        "FP": 3865,
        "FN": 65,
        "TP": 383
    },
    "test_rocaouc_score": 0.9676976501260401,
    "top20_fature_importances": {
        "spn_fmi_1569_31": 0.30781975385567956,
        "LampStatus": 0.23509088633069658,
        "FuelTemperature": 0.20747698779879256,
        "spn_fmi_3031_9": 0.034191793834773845,
        "activeTransitionCount": 0.030994345767492257,
        "spn_fmi_5246_16": 0.016237540997178362,
        "spn_fmi_3226_9": 0.013687653390864526,
        "spn_fmi_3364_9": 0.01094455584415855,
        "spn_fmi_524287_31": 0.009769508397614346,
        "BarometricPressure": 0.009530521989089913,
        "spn_fmi_3362_31": 0.009102888905111094,
        "spn_fmi_1787_11": 0.008600151804166453,
        "spn_fmi_929_9": 0.007169880029422413,
        "FuelLtd": 0.007108940418029216,
        "DistanceLtd": 0.005757246371423705,
        "spn_fmi_5246_0": 0.005608503293438261,
        "spn_fmi_792_14": 0.0051867259181981994,
        "spn_fmi_5742_9": 0.004989286801436977,
        "EngineTimeLtd": 0.00449667181030309,
        "EngineRpm": 0.003932251483625582
    }
}