{
    "file_path": "../models/gbr_model_7.joblib",
    "targets": "any row where a derate (5246) happens in the next 6 hours",
    "diagnostics_file": "used imputer to average data per truck and then simple mean to average any remaining nulls",
    "train_test_split": "using trucks and assuring same ratio of derate and nonderate",
    "windowize_predictors": {
        "dataframe": "merged faults and diagnostics",
        "how far in the past to aggregate": "2 days",
        "how to aggregate the one-hot encoded spn_fmi": "max (default)",
        "use rolling window on diagnostics?": "False ",
        "how to aggregate diagnostics data": "not applicable"
    },
    "pipeline": {
        "step 1": "GradientBoostingClassifier (default values)"
    },
    "rebalancing": {
        "over or under fitting": "used SMOTE(k_neighbors=5, random_state=42)",
        "variables used": "all (including derate columns)"
    },
    "train_confusion_matrix": {
        "TN": 430056,
        "FP": 11595,
        "FN": 67,
        "TP": 1083
    },
    "test_confusion_matrix": {
        "TN": 100896,
        "FP": 2738,
        "FN": 26,
        "TP": 213
    },
    "test_rocaouc_score": 0.9886569552019365,
    "top20_fature_importances": {
        "LampStatus": 0.3422127477448713,
        "FuelTemperature": 0.2580676197243542,
        "spn_fmi_1569_31": 0.22372088745271004,
        "activeTransitionCount": 0.057066660531846676,
        "spn_fmi_111_17": 0.017536880752076142,
        "spn_fmi_5246_16": 0.011877969999723672,
        "spn_fmi_5246_0": 0.011345899936152723,
        "spn_fmi_111_3": 0.007561178819077018,
        "spn_fmi_3031_9": 0.007246923760335692,
        "spn_fmi_157_18": 0.006168293091847421,
        "spn_fmi_1761_17": 0.006053402425830039,
        "CruiseControlSetSpeed": 0.0033300408467230713,
        "spn_fmi_4094_31": 0.0029202322053046843,
        "spn_fmi_3364_9": 0.002622143064213594,
        "spn_fmi_2863_7": 0.0024543747685337263,
        "spn_fmi_3362_31": 0.002361847687932517,
        "spn_fmi_5246_19": 0.002179779485330952,
        "spn_fmi_102_2": 0.001781738330227541,
        "spn_fmi_5743_9": 0.0017526987515300812,
        "spn_fmi_3251_16": 0.0017188049656750646
    }
}