{
    "file_path": "../models/gbr_model_26.joblib",
    "targets": "any row where a derate (5246) happens in the next 6 hours",
    "diagnostics_file": "used imputer to average data per truck and then simple mean to average any remaining nulls",
    "train_test_split": "using trucks and assuring same ratio of derate and nonderate",
    "windowize_predictors": {
        "dataframe": "merged faults and diagnostics",
        "how far in the past to aggregate": "7 days",
        "how to aggregate the one-hot encoded spn_fmi": "max (default)",
        "use rolling window on diagnostics?": "True ",
        "how to aggregate diagnostics data": "mean"
    },
    "pipeline": {
        "step 1": "GradientBoostingClassifier (default values)"
    },
    "rebalancing": {
        "over or under fitting": "used SMOTE(k_neighbors=5, random_state=42)",
        "variables used": "all (including derate columns)"
    },
    "train_confusion_matrix": {
        "TN": 429767,
        "FP": 11884,
        "FN": 58,
        "TP": 1092
    },
    "test_confusion_matrix": {
        "TN": 100410,
        "FP": 3224,
        "FN": 30,
        "TP": 209
    },
    "test_rocaouc_score": 0.9846673556593557,
    "top20_fature_importances": {
        "LampStatus": 0.3790838908627198,
        "FuelTemperature": 0.2724223457826586,
        "spn_fmi_1569_31": 0.15058924671162302,
        "activeTransitionCount": 0.03709156237629743,
        "spn_fmi_5246_0": 0.03228811772909375,
        "spn_fmi_5246_16": 0.022323241419847952,
        "spn_fmi_3031_9": 0.017697204163346615,
        "spn_fmi_1787_11": 0.015633306620769907,
        "spn_fmi_111_17": 0.007113278230170173,
        "spn_fmi_524287_31": 0.006736234960764292,
        "spn_fmi_3364_9": 0.004196269685037568,
        "EngineRpm": 0.003907984119168722,
        "spn_fmi_4094_31": 0.0035152666306932116,
        "spn_fmi_157_18": 0.0034104630223535173,
        "spn_fmi_5246_15": 0.003355943034407294,
        "spn_fmi_3226_9": 0.0033328147146729193,
        "spn_fmi_1209_2": 0.0032116477187789363,
        "spn_fmi_3362_31": 0.0026414617589498608,
        "CruiseControlSetSpeed": 0.0019596923607961016,
        "spn_fmi_793_1": 0.001952803137622381
    }
}