{
    "file_path": "../models/gbr_model_17.joblib",
    "targets": "any row where a derate (5246) happens in the next 24 hours",
    "diagnostics_file": "used imputer to average data per truck and then simple mean to average any remaining nulls",
    "train_test_split": "using trucks and assuring same ratio of derate and nonderate",
    "windowize_predictors": {
        "dataframe": "merged faults and diagnostics",
        "how far in the past to aggregate": "7 days",
        "how to aggregate the one-hot encoded spn_fmi": "max (default)",
        "use rolling window on diagnostics?": "False ",
        "how to aggregate diagnostics data": "mean"
    },
    "pipeline": {
        "step 1": "GradientBoostingClassifier (default values)"
    },
    "rebalancing": {
        "over or under fitting": "used SMOTE(k_neighbors=5, random_state=42)",
        "variables used": "all (including derate columns)"
    },
    "train_confusion_matrix": {
        "TN": 426454,
        "FP": 14361,
        "FN": 186,
        "TP": 1800
    },
    "test_confusion_matrix": {
        "TN": 100254,
        "FP": 3171,
        "FN": 69,
        "TP": 379
    },
    "test_rocaouc_score": 0.960453755740875,
    "top20_fature_importances": {
        "spn_fmi_1569_31": 0.43891208965310907,
        "FuelTemperature": 0.23405670763648603,
        "LampStatus": 0.07430303825198523,
        "activeTransitionCount": 0.03877698455235598,
        "spn_fmi_3031_9": 0.03572206768096766,
        "spn_fmi_5848_9": 0.017068933899483475,
        "spn_fmi_3226_9": 0.011242906114280228,
        "spn_fmi_5246_16": 0.009861860681085572,
        "spn_fmi_3362_31": 0.009311631164805639,
        "CruiseControlSetSpeed": 0.009020297413530463,
        "EngineTimeLtd": 0.008366090539846544,
        "spn_fmi_3364_9": 0.0080756665816246,
        "spn_fmi_5743_9": 0.0066808883346048935,
        "spn_fmi_5246_15": 0.005373797995851269,
        "spn_fmi_792_14": 0.005018352829209754,
        "spn_fmi_1787_11": 0.004752462014433422,
        "spn_fmi_111_17": 0.004718804968392284,
        "FuelLtd": 0.004199344733110506,
        "spn_fmi_4094_31": 0.003756698174088389,
        "spn_fmi_1209_2": 0.0037551668667640983
    }
}